"Name","Runtime","Notes","State","Tags","beta1","beta2","catch_dropout","early_stopping_patience","evaluation_steps","insert_dropout","learning_rate","output_dir","param_config_id","seed","weight_decay","accuracy","avg_grad_diff_all_classes","avg_grad_diff_per_class","best_accuracy","best_accuracy_epoch","best_accuracy_step","best_eval_loss","best_eval_loss_epoch","best_eval_loss_step","epoch","eval_loss","eval_p_max","eval_p_var","train_loss","train_p_max","train_p_var","train_st1_loss","train_st1_p_max","train_st2_loss","train_st2_p_max","accuracy_mm","eval_loss_mm","eval_p_max_mm","eval_p_var_mm"
"16_modded_base_sweep_01_modded/run_44","1572","-","finished","modded","0.9","0.999","0","10","16","0.08","0.000004","/home/lange/fantastic-umbrella/runs/16_modded_base_sweep_01_modded/run_44","pcid_0504","3","0.01","0.6983342485813655","0.0035313358530402184","[0.0035313344560563564,0.003531337482854724]","0.7012630422844591","159","1280","0.6719225645065308","29","240","179","1.1210038661956787","0.9451465010643004","0.4174858033657074","","","","0.004575395956635475","0.9954373240470886","0.008517737500369549","0.9923104047775269","","","",""
"16_modded_base_sweep_01_modded/run_43","704","-","finished","modded","0.9","0.999","0","10","16","0.08","0.000004","/home/lange/fantastic-umbrella/runs/16_modded_base_sweep_01_modded/run_43","pcid_0504","2","0.01","0.7331136738056013","0.005867239087820053","[0.005867235828191042,0.005867242813110352]","0.7360424675086948","55","448","0.5829267501831055","21","176","75","0.8954609036445618","0.9469307065010072","0.4160613417625427","","","","0.011042551137506962","0.9890273213386536","0.01670919358730316","0.983639359474182","","","",""
"16_modded_base_sweep_01_modded/run_42","867","-","finished","modded","0.9","0.999","0","10","16","0.08","0.000004","/home/lange/fantastic-umbrella/runs/16_modded_base_sweep_01_modded/run_42","pcid_0504","1","0.01","0.729269632070291","0.00432978430762887","[0.004329785238951445,0.004329783376306295]","0.7301848801025078","75","608","0.5913395285606384","21","176","95","0.9443766474723816","0.9494473338127136","0.41986244916915894","","","","0.021116701886057857","0.9886302947998048","0.025776054710149765","0.9856211543083192","","","",""
"16_modded_base_sweep_01_modded/run_41","877","-","finished","modded","0.9","0.999","0","10","16","0.08","0.000008","/home/lange/fantastic-umbrella/runs/16_modded_base_sweep_01_modded/run_41","pcid_0503","3","0.01","0.7021782903166758","0.0015831764321774244","[0.0015831761993467808,0.0015831768978387115]","0.7023613399231191","79","640","0.6624626517295837","21","176","99","1.2442986965179443","0.9556980729103088","0.43341508507728577","","","","0.0024759371299296618","0.9975277781486512","0.004003201145678759","0.9960441589355468","","","",""
"16_modded_base_sweep_01_modded/run_40","503","-","finished","modded","0.9","0.999","0","10","16","0.08","0.000008","/home/lange/fantastic-umbrella/runs/16_modded_base_sweep_01_modded/run_40","pcid_0503","2","0.01","0.738239062786015","0.0034367339685559273","[0.0034367339685559273,0.0034367339685559273]","0.7422661541277686","33","272","0.5917920470237732","15","128","53","0.9461270570755004","0.9525405764579772","0.4263914227485657","","","","0.006797070614993572","0.9932284951210022","0.009855581447482107","0.9902523756027222","","","",""
"16_modded_base_sweep_01_modded/run_39","1025","-","finished","modded","0.9","0.999","0","10","16","0.08","0.000008","/home/lange/fantastic-umbrella/runs/16_modded_base_sweep_01_modded/run_39","pcid_0503","1","0.01","0.7343950210507048","0.0006792932981625199","[0.0006792902713641524,0.0006792963249608874]","0.7349441698700347","93","752","0.5798211693763733","15","128","113","1.264836311340332","0.974668025970459","0.46096041798591614","","","","0.0018194274744018912","0.9981822967529296","0.0024366099387407303","0.997567892074585","","","",""
"16_modded_base_sweep_01_modded/run_38","1020","-","finished","modded","0.9","0.999","0","10","16","0.08","0.00001","/home/lange/fantastic-umbrella/runs/16_modded_base_sweep_01_modded/run_38","pcid_0502","3","0.01","0.7069375800842028","0.0007631776388734579","[0.0007631802000105381,0.0007631749613210559]","0.7080358777228629","95","768","0.6562920212745667","19","160","115","1.374170184135437","0.961552917957306","0.44305822253227234","","","","0.001065772958099842","0.9989347457885742","0.0018059101421386003","0.9981982707977296","","","",""
"16_modded_base_sweep_01_modded/run_37","1602","-","finished","modded","0.9","0.999","0","10","16","0.08","0.00001","/home/lange/fantastic-umbrella/runs/16_modded_base_sweep_01_modded/run_37","pcid_0502","2","0.01","0.7466593446824089","0.00034782037255354226","[0.0003478203434497118,0.00034782037255354226]","0.7470254438952956","153","1232","0.5807077884674072","15","128","173","1.3834336996078491","0.9799032211303712","0.4700615108013153","","","","0.0008514888468198478","0.9991488456726074","0.0011717919260263443","0.998829185962677","","","",""
"16_modded_base_sweep_01_modded/run_36","1782","-","finished","modded","0.9","0.999","0","10","16","0.08","0.00001","/home/lange/fantastic-umbrella/runs/16_modded_base_sweep_01_modded/run_36","pcid_0502","1","0.01","0.7353102690829215","0.00025789730716496706","[0.00025789899518713355,0.00025789556093513966]","0.7356763682958082","177","1424","0.5841047763824463","15","128","197","1.431397795677185","0.9791221618652344","0.46846243739128113","","","","0.0007426695665344596","0.9992575645446776","0.0009815158555284142","0.9990189671516418","","","",""
"16_modded_base_sweep_01_modded/run_35","585","-","finished","modded","0.9","0.999","0","10","16","0.08","0.00002","/home/lange/fantastic-umbrella/runs/16_modded_base_sweep_01_modded/run_35","pcid_0501","3","0.01","0.6974190005491488","0.00039933150401338935","[0.00039933028165251017,0.0003993326972704381]","0.7062053816584294","45","368","0.6710365414619446","15","128","65","1.6302199363708496","0.971194624900818","0.45766177773475647","","","","0.0005973493680357933","0.9994027614593506","0.0009824701119214296","0.9990188479423524","","","",""
"16_modded_base_sweep_01_modded/run_34","855","-","finished","modded","0.9","0.999","0","10","16","0.08","0.00002","/home/lange/fantastic-umbrella/runs/16_modded_base_sweep_01_modded/run_34","pcid_0501","2","0.01","0.7521508328757093","0.00023170874919742343","[0.00023170860367827115,0.00023170890926849097]","0.7526999816950394","71","576","0.5864923000335693","9","80","91","1.4506385326385498","0.98381370306015","0.4753519594669342","","","","0.0006096794968470931","0.9993906021118164","0.0008169361972250044","0.9991834163665771","","","",""
"16_modded_base_sweep_01_modded/run_33","496","-","finished","modded","0.9","0.999","0","10","16","0.08","0.00002","/home/lange/fantastic-umbrella/runs/16_modded_base_sweep_01_modded/run_33","pcid_0501","1","0.01","0.7391543108182317","0.0004808520607184618","[0.0004808543308172375,0.0004808497615158558]","0.7431814021599854","33","272","0.576861560344696","11","96","53","1.2688519954681396","0.978179395198822","0.4656412005424499","","","","0.0012659392086789012","0.9987348318099976","0.0017028223956003783","0.9982989430427552","","","",""
"16_modded_base_sweep_01_modded/run_32","396","-","finished","modded","0.9","0.999","0","10","16","0.08","0.00004","/home/lange/fantastic-umbrella/runs/16_modded_base_sweep_01_modded/run_32","pcid_0500","3","0.01","0.7008969430715724","0.00022798222198616713","[0.00022798067948315293,0.0002279837499372661]","0.7032765879553359","23","192","0.6855703592300415","9","80","43","1.5621647834777832","0.9641011953353882","0.4474382698535919","","","","0.0004177642986178398","0.999582290649414","0.0006369700422510505","0.999363362789154","","","",""
"16_modded_base_sweep_01_modded/run_31","546","-","finished","modded","0.9","0.999","0","10","16","0.08","0.00004","/home/lange/fantastic-umbrella/runs/16_modded_base_sweep_01_modded/run_31","pcid_0500","2","0.01","0.7479406919275123","0.0001816944859456271","[0.00018169349641539156,0.00018169549002777785]","0.7494050887790591","37","304","0.5898694396018982","7","64","57","1.437278151512146","0.98213928937912","0.4730052947998047","","","","0.0005031376495026052","0.9994970560073853","0.0006690477603115141","0.9993311166763306","","","",""
"16_modded_base_sweep_01_modded/run_30","594","-","finished","modded","0.9","0.999","0","10","16","0.08","0.00004","/home/lange/fantastic-umbrella/runs/16_modded_base_sweep_01_modded/run_30","pcid_0500","1","0.01","0.7475745927146257","0.0001350025413557887","[0.0001350035454379395,0.00013500152272172272]","0.7508694856306058","43","352","0.5920802354812622","7","64","63","1.497881531715393","0.9818927645683287","0.4726808965206146","","","","0.0004088605055585504","0.9995911717414856","0.0005303312209434807","0.999469757080078","","","",""
"16_modded_base_sweep_01_modded/run_29","1787","-","finished","modded","0.9","0.999","0","10","16","0.05","0.000004","/home/lange/fantastic-umbrella/runs/16_modded_base_sweep_01_modded/run_29","pcid_0499","3","0.01","0.6897309170785283","0.0026556854136288166","[0.0026556849479675293,0.002655685879290104]","0.6906461651107451","185","1488","0.6786035895347595","27","224","199","1.0088149309158323","0.9211660027503968","0.3828389048576355","","","","0.005791897419840097","0.994229018688202","0.008363405242562294","0.9919537305831908","","","",""
"16_modded_base_sweep_01_modded/run_28","799","-","finished","modded","0.9","0.999","0","10","16","0.05","0.000004","/home/lange/fantastic-umbrella/runs/16_modded_base_sweep_01_modded/run_28","pcid_0499","2","0.01","0.7296357312831777","0.003023791126906872","[0.0030237918253988028,0.0030237906612455845]","0.7331136738056013","63","512","0.5866384506225586","19","160","83","0.9119375944137572","0.944888472557068","0.4146750271320343","","","","0.0104202963411808","0.9898613095283508","0.01317393872886896","0.9872167110443116","","","",""
"16_modded_base_sweep_01_modded/run_27","845","-","finished","modded","0.9","0.999","0","10","16","0.05","0.000004","/home/lange/fantastic-umbrella/runs/16_modded_base_sweep_01_modded/run_27","pcid_0499","1","0.01","0.7252425407285374","0.0019754869863390923","[0.0019754869863390923,0.001975486520677805]","0.7263408383671975","71","576","0.591375470161438","19","160","91","0.9646005034446716","0.9484538435935974","0.4193607270717621","","","","0.009135634638369083","0.9909074902534484","0.010531100444495678","0.9895307421684264","","","",""
"16_modded_base_sweep_01_modded/run_26","1174","-","finished","modded","0.9","0.999","0","10","16","0.05","0.000008","/home/lange/fantastic-umbrella/runs/16_modded_base_sweep_01_modded/run_26","pcid_0498","3","0.01","0.700164744645799","0.00038453686283901334","[0.00038453840534202754,0.0003845352912321687]","0.7012630422844591","111","896","0.6521624326705933","19","160","131","1.3559794425964355","0.9580094814300536","0.4377186894416809","","","","0.0009342492558062075","0.9990661144256592","0.0012977637816220522","0.9987034201622008","","","",""
"16_modded_base_sweep_01_modded/run_25","514","-","finished","modded","0.9","0.999","0","10","16","0.05","0.000008","/home/lange/fantastic-umbrella/runs/16_modded_base_sweep_01_modded/run_25","pcid_0498","2","0.01","0.7331136738056013","0.002038984326645732","[0.002038986189290881,0.00203898292966187]","0.738788211605345","33","272","0.5849667191505432","15","128","53","0.996645212173462","0.9553607702255248","0.4312972128391266","","","","0.005996345076709986","0.994023323059082","0.007743555121123791","0.9923017621040344","","","",""
"16_modded_base_sweep_01_modded/run_24","769","-","finished","modded","0.9","0.999","0","10","16","0.05","0.000008","/home/lange/fantastic-umbrella/runs/16_modded_base_sweep_01_modded/run_24","pcid_0498","1","0.01","0.7300018304960645","0.0007245466113090515","[0.0007245473680086434,0.0007245457381941378]","0.7309170785282811","63","512","0.592052161693573","13","112","83","1.1551060676574707","0.9662460684776306","0.4479858875274658","","","","0.002933765295892954","0.9970706701278688","0.003543086815625429","0.9964637756347656","","","",""
"16_modded_base_sweep_01_modded/run_23","1041","-","finished","modded","0.9","0.999","0","10","16","0.05","0.00001","/home/lange/fantastic-umbrella/runs/16_modded_base_sweep_01_modded/run_23","pcid_0497","3","0.01","0.7034596375617792","0.00034337060060352087","[0.0003433707752265036,0.00034337042598053813]","0.704374885593996","97","784","0.6611008644104004","21","176","117","1.4179366827011108","0.9621700644493104","0.4438892304897308","","","","0.0007036352762952447","0.999296486377716","0.001037942711263895","0.9989629983901978","","","",""
"16_modded_base_sweep_01_modded/run_22","454","-","finished","modded","0.9","0.999","0","10","16","0.05","0.00001","/home/lange/fantastic-umbrella/runs/16_modded_base_sweep_01_modded/run_22","pcid_0497","2","0.01","0.7303679297089511","0.0016551623120903969","[0.0016551674343645573,0.0016551571898162365]","0.7393373604246751","27","224","0.5891498923301697","15","128","47","1.000245451927185","0.955229103565216","0.4311785697937012","","","","0.005359855480492115","0.9946557879447936","0.006834165193140507","0.9931988716125488","","","",""
"16_modded_base_sweep_01_modded/run_21","586","-","finished","modded","0.9","0.999","0","10","16","0.05","0.00001","/home/lange/fantastic-umbrella/runs/16_modded_base_sweep_01_modded/run_21","pcid_0497","1","0.01","0.729269632070291","0.0007271202048286796","[0.0007271227659657598,0.0007271177601069212]","0.7320153761669412","43","352","0.5809369087219238","13","112","63","1.1343295574188232","0.9663439989089966","0.44765347242355347","","","","0.0032164982985705137","0.9967889189720154","0.00378118478693068","0.996226727962494","","","",""
"16_modded_base_sweep_01_modded/run_20","1087","-","finished","modded","0.9","0.999","0","10","16","0.05","0.00002","/home/lange/fantastic-umbrella/runs/16_modded_base_sweep_01_modded/run_20","pcid_0496","3","0.01","0.7040087863811093","0.00009901142766466364","[0.00009901390876621008,0.00009900896111503243]","0.7058392824455427","103","832","0.677873969078064","13","112","123","1.677466630935669","0.9709246158599854","0.457218736410141","","","","0.00023800991766620427","0.999761998653412","0.0003333457570988685","0.999666690826416","","","",""
"16_modded_base_sweep_01_modded/run_19","688","-","finished","modded","0.9","0.999","0","10","16","0.05","0.00002","/home/lange/fantastic-umbrella/runs/16_modded_base_sweep_01_modded/run_19","pcid_0496","2","0.01","0.7457440966501923","0.00021467845363076776","[0.00021468066552188247,0.00021467625629156828]","0.7464762950759656","53","432","0.5865404605865479","11","96","73","1.417694330215454","0.9822348356246948","0.47297707200050354","","","","0.0007823649793863297","0.9992178082466124","0.000980367185547948","0.9990203380584716","","","",""
"16_modded_base_sweep_01_modded/run_18","455","-","finished","modded","0.9","0.999","0","10","16","0.05","0.00002","/home/lange/fantastic-umbrella/runs/16_modded_base_sweep_01_modded/run_18","pcid_0496","1","0.01","0.738788211605345","0.00035922747338190675","[0.0003592261637095362,0.00035922881215810776]","0.7402526084568918","29","240","0.5730387568473816","11","96","49","1.2206318378448486","0.9737220406532288","0.4589126110076904","","","","0.0016246752347797155","0.9983766674995422","0.0019206043798476455","0.9980814456939696","","","",""
"16_modded_base_sweep_01_modded/run_17","389","-","finished","modded","0.9","0.999","0","10","16","0.05","0.00004","/home/lange/fantastic-umbrella/runs/16_modded_base_sweep_01_modded/run_17","pcid_0495","3","0.01","0.6997986454329124","0.00016502387006767094","[0.00016502539801876992,0.0001650223566684872]","0.7054731832326561","23","192","0.6983771920204163","11","96","43","1.6265963315963743","0.9701874256134032","0.45621100068092346","","","","0.0004000134358648211","0.9995999336242676","0.0005569205968640745","0.9994434118270874","","","",""
"16_modded_base_sweep_01_modded/run_16","624","-","finished","modded","0.9","0.999","0","10","16","0.05","0.00004","/home/lange/fantastic-umbrella/runs/16_modded_base_sweep_01_modded/run_16","pcid_0495","2","0.01","0.7391543108182317","0.00009101920295506716","[0.00009102092735702172,0.00009101746400119735]","0.7409848068826652","47","384","0.5770940184593201","7","64","67","1.616989254951477","0.9859882593154908","0.47878631949424744","","","","0.00036268692929297686","0.9996373057365416","0.0004410473920870572","0.9995590448379515","","","",""
"16_modded_base_sweep_01_modded/run_15","873","-","finished","modded","0.9","0.999","0","10","16","0.05","0.00004","/home/lange/fantastic-umbrella/runs/16_modded_base_sweep_01_modded/run_15","pcid_0495","1","0.01","0.748306791140399","0.00004725684993900359","[0.00004725623512058519,0.00004725746839540079]","0.7494050887790591","79","640","0.5764057040214539","7","64","99","1.614085674285889","0.9825167059898376","0.4743999242782593","","","","0.00020314165158197284","0.9997968673706056","0.00024529636721126735","0.999754786491394","","","",""
"16_modded_base_sweep_01_modded/run_14","1693","-","finished","modded","0.9","0.999","0","10","16","0.02","0.000004","/home/lange/fantastic-umbrella/runs/16_modded_base_sweep_01_modded/run_14","pcid_0494","3","0.01","0.6754530477759473","0.0017482247203588486","[0.0017482265830039978,0.001748222508467734]","0.6754530477759473","199","1600","0.6932002305984497","31","256","199","0.9898491501808168","0.9110898971557616","0.3688199818134308","","","","0.006145735736936331","0.9938785433769226","0.007693157996982336","0.9924144744873048","","","",""
"16_modded_base_sweep_01_modded/run_13","664","-","finished","modded","0.9","0.999","0","10","16","0.02","0.000004","/home/lange/fantastic-umbrella/runs/16_modded_base_sweep_01_modded/run_13","pcid_0494","2","0.01","0.7318323265604979","0.0016911039128899574","[0.0016911039128899574,0.0016911040293052793]","0.7376899139666849","53","432","0.5763244032859802","21","176","73","0.8951372504234314","0.9428638815879822","0.41158604621887207","","","","0.009743851609528065","0.9903626441955566","0.011203961446881294","0.9889959096908568","","","",""
"16_modded_base_sweep_01_modded/run_12","440","-","finished","modded","0.9","0.999","0","10","16","0.02","0.000004","/home/lange/fantastic-umbrella/runs/16_modded_base_sweep_01_modded/run_12","pcid_0494","1","0.01","0.7188358045030203","0.004089979454874992","[0.004089979454874992,0.00408997992053628]","0.7195680029287937","29","240","0.5912323594093323","19","160","49","0.7669176459312439","0.9082777500152588","0.35328707098960876","","","","0.043394785374403","0.9648849964141846","0.04746771231293678","0.96376371383667","","","",""
"16_modded_base_sweep_01_modded/run_11","1378","-","finished","modded","0.9","0.999","0","10","16","0.02","0.000008","/home/lange/fantastic-umbrella/runs/16_modded_base_sweep_01_modded/run_11","pcid_0493","3","0.01","0.6884495698334249","0.0010751457884907722","[0.0010751477675512433,0.0010751438094303012]","0.690097016291415","143","1152","0.6839948892593384","19","160","163","1.3539336919784546","0.9507631063461304","0.4275019764900207","","","","0.0007230575429275632","0.9992772936820984","0.002076983684673906","0.998214602470398","","","",""
"16_modded_base_sweep_01_modded/run_10","433","-","finished","modded","0.9","0.999","0","10","16","0.02","0.000008","/home/lange/fantastic-umbrella/runs/16_modded_base_sweep_01_modded/run_10","pcid_0493","2","0.01","0.7321984257733846","0.0007841460173949599","[0.0007841484621167183,0.0007841435726732016]","0.7358594179022515","27","224","0.5796372294425964","15","128","47","1.012633204460144","0.9580286741256714","0.4346611201763153","","","","0.006051945965737104","0.99396812915802","0.006664176005870104","0.993360996246338","","","",""
"16_modded_base_sweep_01_modded/run_09","558","-","finished","modded","0.9","0.999","0","10","16","0.02","0.000008","/home/lange/fantastic-umbrella/runs/16_modded_base_sweep_01_modded/run_09","pcid_0493","1","0.01","0.7241442430898773","0.0005560502177104354","[0.0005560514400713146,0.0005560489371418953]","0.7243272926963207","43","352","0.5939272046089172","13","112","63","1.0729930400848389","0.957166075706482","0.4336293339729309","","","","0.004384445026516914","0.9956254959106444","0.004778798669576645","0.9952334761619568","","","",""
"16_modded_base_sweep_01_modded/run_08","1036","-","finished","modded","0.9","0.999","0","10","16","0.02","0.00001","/home/lange/fantastic-umbrella/runs/16_modded_base_sweep_01_modded/run_08","pcid_0492","3","0.01","0.689547867472085","0.0001718765270197764","[0.0001718794519547373,0.00017187363118864596]","0.6932088596009519","103","832","0.6860284805297852","15","128","123","1.380095601081848","0.9542832374572754","0.432679146528244","","","","0.0006025377078913152","0.9993976950645448","0.000768236699514091","0.9992322325706482","","","",""
"16_modded_base_sweep_01_modded/run_07","413","-","finished","modded","0.9","0.999","0","10","16","0.02","0.00001","/home/lange/fantastic-umbrella/runs/16_modded_base_sweep_01_modded/run_07","pcid_0492","2","0.01","0.7345780706571481","0.0005821841186843812","[0.0005821859231218696,0.0005821823724545538]","0.7367746659344683","25","208","0.5993443727493286","13","112","45","1.0482070446014404","0.9596728086471558","0.4381139576435089","","","","0.004637500271201134","0.9953745007514954","0.005033905617892742","0.99498051404953","","","",""
"16_modded_base_sweep_01_modded/run_06","634","-","finished","modded","0.9","0.999","0","10","16","0.02","0.00001","/home/lange/fantastic-umbrella/runs/16_modded_base_sweep_01_modded/run_06","pcid_0492","1","0.01","0.7256086399414241","0.0002523793373256922","[0.0002523783768992871,0.0002523803268559277]","0.7265238879736409","53","432","0.5962631106376648","13","112","73","1.2106590270996094","0.9682326912879944","0.4505752623081207","","","","0.002246273448690772","0.9977563619613647","0.0024232410360127687","0.9975798726081848","","","",""
"16_modded_base_sweep_01_modded/run_05","504","-","finished","modded","0.9","0.999","0","10","16","0.02","0.00002","/home/lange/fantastic-umbrella/runs/16_modded_base_sweep_01_modded/run_05","pcid_0491","3","0.01","0.6899139666849716","0.00020933846826665103","[0.00020933710038661957,0.0002093398361466825]","0.6928427603880651","39","320","0.6761195659637451","13","112","59","1.4818408489227295","0.9599809050559998","0.44070351123809814","","","","0.0006683553801849484","0.9993318915367126","0.0008666130597703159","0.9991353154182434","","","",""
"16_modded_base_sweep_01_modded/run_04","827","-","finished","modded","0.9","0.999","0","10","16","0.02","0.00002","/home/lange/fantastic-umbrella/runs/16_modded_base_sweep_01_modded/run_04","pcid_0491","2","0.01","0.7435475013728721","0.00006176413444336504","[0.00006176449824124575,0.00006176376336952671]","0.7444627494050888","73","592","0.5800632834434509","9","80","93","1.5277729034423828","0.9827497601509094","0.4744352698326111","","","","0.0004715612740255892","0.9995285868644714","0.0005215396522544324","0.9994786977767944","","","",""
"16_modded_base_sweep_01_modded/run_03","398","-","finished","modded","0.9","0.999","0","10","16","0.02","0.00002","/home/lange/fantastic-umbrella/runs/16_modded_base_sweep_01_modded/run_03","pcid_0491","1","0.01","0.7332967234120447","0.00021045777248218656","[0.0002104586164932698,0.0002104569284711033]","0.7347611202635914","25","208","0.5806231498718262","11","96","45","1.1871484518051147","0.9687989950180054","0.45194610953330994","","","","0.0018232630100101233","0.9981785416603088","0.001966108800843358","0.9980359077453612","","","",""
"16_modded_base_sweep_01_modded/run_02","452","-","finished","modded","0.9","0.999","0","10","16","0.02","0.00004","/home/lange/fantastic-umbrella/runs/16_modded_base_sweep_01_modded/run_02","pcid_0490","3","0.01","0.653670144609189","0.00005116125612403266","[0.000051164392061764374,0.000051158123824279755]","0.6604429800475929","33","272","0.6916195154190063","9","80","53","1.8310226202011108","0.9626268744468688","0.44534504413604736","","","","0.0002492049534339458","0.999750792980194","0.00029679323779419065","0.9997032284736632","","","",""
"16_modded_base_sweep_01_modded/run_01","593","-","finished","modded","0.9","0.999","0","10","16","0.02","0.00004","/home/lange/fantastic-umbrella/runs/16_modded_base_sweep_01_modded/run_01","pcid_0490","2","0.01","0.7397034596375618","0.00003725726855918765","[0.00003725520946318284,0.00003725933129317127]","0.7402526084568918","47","384","0.5767455101013184","7","64","67","1.6542209386825562","0.9853070974349976","0.47815439105033875","","","","0.00031912760459817946","0.9996809363365172","0.0003455174737609923","0.9996545314788818","","","",""
"16_modded_base_sweep_01_modded/run_00","353","-","finished","modded","0.9","0.999","0","10","16","0.02","0.00004","/home/lange/fantastic-umbrella/runs/16_modded_base_sweep_01_modded/run_00","pcid_0490","1","0.01","0.736591616328025","0.00007994780025910586","[0.00007995104533620179,0.00007994454790605232]","0.7391543108182317","23","192","0.5793786644935608","7","64","43","1.3440476655960083","0.9730066061019896","0.45978018641471863","","","","0.0007637616945430636","0.999236524105072","0.0008122519357129931","0.9991880655288696","","","",""
"16_modded_base_sweep_00_modded/run_59","554","-","finished","modded","0.9","0.999","0","10","16","0.25","0.000004","/home/lange/fantastic-umbrella/runs/16_modded_base_sweep_00_modded/run_59","pcid_0479","3","0.01","0.581182500457624","0.12492238730192184","[0.12492237985134123,0.12492237985134123]","0.6509244005125389","43","352","0.6473104953765869","43","352","63","0.9115920066833496","0.8445286154747009","0.26140376925468445","","","","0.14588502049446106","0.8837170004844666","0.12888860702514648","0.904331922531128","","","",""
"16_modded_base_sweep_00_modded/run_58","672","-","finished","modded","0.9","0.999","0","10","16","0.25","0.000004","/home/lange/fantastic-umbrella/runs/16_modded_base_sweep_00_modded/run_58","pcid_0479","2","0.01","0.7274391360058576","0.05511981248855591","[0.05511981248855591,0.05511981248855591]","0.7289035328574044","53","432","0.5832467079162598","25","208","73","0.8291417360305786","0.9354918599128724","0.3949217796325683","","","","0.023302121087908745","0.9769976139068604","0.11517706513404846","0.9497528076171876","","","",""
"16_modded_base_sweep_00_modded/run_57","1185","-","finished","modded","0.9","0.999","0","10","16","0.25","0.000004","/home/lange/fantastic-umbrella/runs/16_modded_base_sweep_00_modded/run_57","pcid_0479","1","0.01","0.7375068643602416","0.031225912272930145","[0.031225914135575294,0.031225908547639847]","0.7376899139666849","113","912","0.5861541628837585","25","208","133","0.9928655624389648","0.9641664028167723","0.4419602155685425","","","","0.011037036776542664","0.9890257120132446","0.07029963284730911","0.973438560962677","","","",""
"16_modded_base_sweep_00_modded/run_56","416","-","finished","modded","0.9","0.999","0","10","16","0.25","0.000008","/home/lange/fantastic-umbrella/runs/16_modded_base_sweep_00_modded/run_56","pcid_0478","3","0.01","0.5617792421746294","0.0266343355178833","[0.02663433365523815,0.0266343392431736]","0.6337177375068643","27","224","0.6593731045722961","25","208","47","1.5669174194335938","0.9455064535140992","0.4146495163440704","","","","0.02046913281083107","0.980318009853363","0.024294588714838028","0.978995442390442","","","",""
"16_modded_base_sweep_00_modded/run_55","707","-","finished","modded","0.9","0.999","0","10","16","0.25","0.000008","/home/lange/fantastic-umbrella/runs/16_modded_base_sweep_00_modded/run_55","pcid_0478","2","0.01","0.733479773018488","0.02578166499733925","[0.025781668722629547,0.0257816631346941]","0.7338458722313747","57","464","0.5887600183486938","17","144","77","1.075039982795715","0.9690918922424316","0.4498891532421112","","","","0.005728601943701506","0.994288682937622","0.061049506068229675","0.9826337695121764","","","",""
"16_modded_base_sweep_00_modded/run_54","1761","-","finished","modded","0.9","0.999","0","10","16","0.25","0.000008","/home/lange/fantastic-umbrella/runs/16_modded_base_sweep_00_modded/run_54","pcid_0478","1","0.01","0.7481237415339557","0.007422142662107944","[0.007422139868140221,0.007422145456075668]","0.7484898407468424","179","1440","0.5790613889694214","17","144","199","1.2942620515823364","0.9831283688545228","0.47345298528671265","","","","0.0018374727806076407","0.9981642961502076","0.020515408366918564","0.994975209236145","","","",""
"16_modded_base_sweep_00_modded/run_53","402","-","finished","modded","0.9","0.999","0","10","16","0.25","0.00001","/home/lange/fantastic-umbrella/runs/16_modded_base_sweep_00_modded/run_53","pcid_0477","3","0.01","0.553725059491122","0.01601858250796795","[0.0160185806453228,0.016018584370613098]","0.6412227713710416","25","208","0.6590694189071655","25","208","45","1.948941111564636","0.9650318026542664","0.4456584751605987","","","","0.011382997035980225","0.9890328049659728","0.014268243685364723","0.9911915063858032","","","",""
"16_modded_base_sweep_00_modded/run_52","1054","-","finished","modded","0.9","0.999","0","10","16","0.25","0.00001","/home/lange/fantastic-umbrella/runs/16_modded_base_sweep_00_modded/run_52","pcid_0477","2","0.01","0.7360424675086948","0.00867901835590601","[0.008679021149873734,0.008679015561938286]","0.7376899139666849","95","768","0.5945894122123718","15","128","115","1.2942403554916382","0.9801286458969116","0.4686645269393921","","","","0.0020730909891426563","0.9979291558265686","0.022131556645035744","0.993721604347229","","","",""
"16_modded_base_sweep_00_modded/run_51","1371","-","finished","modded","0.9","0.999","0","10","16","0.25","0.00001","/home/lange/fantastic-umbrella/runs/16_modded_base_sweep_00_modded/run_51","pcid_0477","1","0.01","0.748306791140399","0.010669308714568617","[0.01066930778324604,0.01066930964589119]","0.7490389895661724","135","1088","0.5845776200294495","15","128","155","1.3505094051361084","0.9843780398368835","0.4757707715034485","","","","0.0013808466028422115","0.9986202120780944","0.031771667301654816","0.994863510131836","","","",""
"16_modded_base_sweep_00_modded/run_50","329","-","finished","modded","0.9","0.999","0","10","16","0.25","0.00002","/home/lange/fantastic-umbrella/runs/16_modded_base_sweep_00_modded/run_50","pcid_0476","3","0.01","0.5773384587223137","0.009128320962190628","[0.009128320962190628,0.009128320962190628]","0.6243822075782537","17","144","0.6573483347892761","17","144","37","2.2941789627075195","0.9755693674087524","0.4629620015621186","","","","0.00839904323220253","0.9951291680336","0.005365589167922735","0.9951386451721193","","","",""
"16_modded_base_sweep_00_modded/run_49","351","-","finished","modded","0.9","0.999","0","10","16","0.25","0.00002","/home/lange/fantastic-umbrella/runs/16_modded_base_sweep_00_modded/run_49","pcid_0476","2","0.01","0.7400695588504485","0.019420787692070007","[0.019420791417360302,0.019420785829424855]","0.742449203734212","17","144","0.6047825217247009","11","96","37","1.0744330883026123","0.9697182178497314","0.451613187789917","","","","0.005279043223708868","0.9947357773780824","0.04467712715268135","0.9855127930641174","","","",""
"16_modded_base_sweep_00_modded/run_48","1753","-","finished","modded","0.9","0.999","0","10","16","0.25","0.00002","/home/lange/fantastic-umbrella/runs/16_modded_base_sweep_00_modded/run_48","pcid_0476","1","0.01","0.7519677832692659","0.0026211824733763933","[0.002621183404698968,0.0026211817748844624]","0.7519677832692659","199","1600","0.5702137351036072","11","96","199","1.5448086261749268","0.9878427386283876","0.4815775752067566","","","","0.0004769011284224689","0.9995232224464417","0.00674672843888402","0.9986609816551208","","","",""
"16_modded_base_sweep_00_modded/run_47","365","-","finished","modded","0.9","0.999","0","10","16","0.25","0.00004","/home/lange/fantastic-umbrella/runs/16_modded_base_sweep_00_modded/run_47","pcid_0475","3","0.01","0.5941790225151016","0.005764244124293327","[0.005764242727309465,0.005764244124293327]","0.6203551162365001","21","176","0.6769098043441772","11","96","41","2.349367618560791","0.974830150604248","0.4627523124217987","","","","0.0008530571358278394","0.999151885509491","0.02235063724219799","0.9978023767471312","","","",""
"16_modded_base_sweep_00_modded/run_46","995","-","finished","modded","0.9","0.999","0","10","16","0.25","0.00004","/home/lange/fantastic-umbrella/runs/16_modded_base_sweep_00_modded/run_46","pcid_0475","2","0.01","0.7451949478308622","0.006834442727267742","[0.006834443658590317,0.0068344417959451675]","0.7473915431081823","89","720","0.6005608439445496","7","64","109","1.618571400642395","0.9876404404640198","0.4810025095939636","","","","0.000344794214470312","0.9996551871299744","0.014233206398785114","0.9960179328918456","","","",""
"16_modded_base_sweep_00_modded/run_45","1494","-","finished","modded","0.9","0.999","0","10","16","0.25","0.00004","/home/lange/fantastic-umbrella/runs/16_modded_base_sweep_00_modded/run_45","pcid_0475","1","0.01","0.7512355848434926","0.008227027952671051","[0.008227027952671051,0.008227028883993626]","0.7519677832692659","149","1200","0.5849001407623291","7","64","169","1.7461597919464111","0.9903348684310912","0.4855688214302063","","","","0.00021491492225322872","0.9997851848602296","0.02076280489563942","0.996876060962677","","","",""
"16_modded_base_sweep_00_modded/run_44","550","-","finished","modded","0.9","0.999","0","10","16","0.2","0.000004","/home/lange/fantastic-umbrella/runs/16_modded_base_sweep_00_modded/run_44","pcid_0474","3","0.01","0.6073585941790225","0.03805623948574066","[0.03805624321103096,0.03805623948574066]","0.638293977667948","43","352","0.6449119448661804","39","320","63","0.9319427013397216","0.8677054047584534","0.29814520478248596","","","","0.07027475535869598","0.9335169196128844","0.0820595994591713","0.9282811284065248","","","",""
"16_modded_base_sweep_00_modded/run_43","616","-","finished","modded","0.9","0.999","0","10","16","0.2","0.000004","/home/lange/fantastic-umbrella/runs/16_modded_base_sweep_00_modded/run_43","pcid_0474","2","0.01","0.7287204832509611","0.033480748534202576","[0.033480748534202576,0.033480748534202576]","0.7296357312831777","47","384","0.5898759365081787","23","192","67","0.8187938332557678","0.9328048825263976","0.390730082988739","","","","0.022513948380947113","0.9777538776397704","0.07461854070425034","0.9582962989807128","","","",""
"16_modded_base_sweep_00_modded/run_42","1022","-","finished","modded","0.9","0.999","0","10","16","0.2","0.000004","/home/lange/fantastic-umbrella/runs/16_modded_base_sweep_00_modded/run_42","pcid_0474","1","0.01","0.7353102690829215","0.015593111515045166","[0.015593111515045166,0.015593111515045166]","0.7360424675086948","95","768","0.5825554132461548","25","208","115","0.9700308442115784","0.9602517485618592","0.43476933240890503","","","","0.01282762736082077","0.9873040914535522","0.03528670594096184","0.9789913296699524","","","",""
"16_modded_base_sweep_00_modded/run_41","401","-","finished","modded","0.9","0.999","0","10","16","0.2","0.000008","/home/lange/fantastic-umbrella/runs/16_modded_base_sweep_00_modded/run_41","pcid_0473","3","0.01","0.5795350539996339","0.01028822921216488","[0.010288228280842304,0.010288230143487452]","0.6280431997071206","25","208","0.652073323726654","25","208","45","1.481191873550415","0.939657986164093","0.407166987657547","","","","0.013297214172780514","0.9868117570877076","0.018730483949184418","0.9819000363349916","","","",""
"16_modded_base_sweep_00_modded/run_40","636","-","finished","modded","0.9","0.999","0","10","16","0.2","0.000008","/home/lange/fantastic-umbrella/runs/16_modded_base_sweep_00_modded/run_40","pcid_0473","2","0.01","0.7371407651473549","0.008869224227964878","[0.008869222365319729,0.008869227021932602]","0.7386051619989017","49","400","0.5817335844039917","17","144","69","1.0844104290008545","0.96944922208786","0.4512806236743927","","","","0.005052694119513035","0.9949606657028198","0.02002350613474846","0.9898536801338196","","","",""
"16_modded_base_sweep_00_modded/run_39","495","-","finished","modded","0.9","0.999","0","10","16","0.2","0.000008","/home/lange/fantastic-umbrella/runs/16_modded_base_sweep_00_modded/run_39","pcid_0473","1","0.01","0.7340289218378181","0.012868470512330532","[0.012868469581007956,0.012868470512330532]","0.736591616328025","35","288","0.5830674171447754","17","144","55","0.9698960781097412","0.9591843485832214","0.43400272727012634","","","","0.013266007415950298","0.9868476390838624","0.03291451930999756","0.9806765913963318","","","",""
"16_modded_base_sweep_00_modded/run_38","399","-","finished","modded","0.9","0.999","0","10","16","0.2","0.00001","/home/lange/fantastic-umbrella/runs/16_modded_base_sweep_00_modded/run_38","pcid_0472","3","0.01","0.5745927146256635","0.005147350952029228","[0.005147350952029228,0.005147350486367941]","0.6284092989200073","25","208","0.661016047000885","23","192","45","1.7217589616775513","0.9549846053123474","0.4308952987194062","","","","0.006862924434244633","0.9931650161743164","0.00966990366578102","0.99048513174057","","","",""
"16_modded_base_sweep_00_modded/run_37","348","-","finished","modded","0.9","0.999","0","10","16","0.2","0.00001","/home/lange/fantastic-umbrella/runs/16_modded_base_sweep_00_modded/run_37","pcid_0472","2","0.01","0.7309170785282811","0.021435964852571487","[0.021435962989926335,0.021435964852571487]","0.7314662273476112","17","144","0.5861947536468506","15","128","37","0.8956168293952942","0.949163854122162","0.4170009195804596","","","","0.0141744464635849","0.9859322905540466","0.05285833775997162","0.972970485687256","","","",""
"16_modded_base_sweep_00_modded/run_36","533","-","finished","modded","0.9","0.999","0","10","16","0.2","0.00001","/home/lange/fantastic-umbrella/runs/16_modded_base_sweep_00_modded/run_36","pcid_0472","1","0.01","0.7362255171151382","0.009609267115592957","[0.009609268046915531,0.009609266184270382]","0.7378729635731284","39","320","0.5855369567871094","13","112","59","1.0743759870529177","0.9681997299194336","0.4498707056045532","","","","0.0065090954303741455","0.993513524532318","0.023224271833896637","0.9888978004455566","","","",""
"16_modded_base_sweep_00_modded/run_35","350","-","finished","modded","0.9","0.999","0","10","16","0.2","0.00002","/home/lange/fantastic-umbrella/runs/16_modded_base_sweep_00_modded/run_35","pcid_0471","3","0.01","0.5855756910122644","0.0015485738404095173","[0.0015485758194699883,0.0015485717449337244]","0.6370126304228446","19","160","0.6636123657226562","15","128","39","2.046643018722534","0.9682886004447936","0.4519522786140442","","","","0.0020307786762714386","0.9979718327522278","0.0031266589649021626","0.996890425682068","","","",""
"16_modded_base_sweep_00_modded/run_34","776","-","finished","modded","0.9","0.999","0","10","16","0.2","0.00002","/home/lange/fantastic-umbrella/runs/16_modded_base_sweep_00_modded/run_34","pcid_0471","2","0.01","0.7428153029470986","0.0012158409226685762","[0.0012158418539911509,0.0012158401077613237]","0.7435475013728721","65","528","0.5998243093490601","13","112","85","1.372480392456055","0.9815157651901244","0.4720465540885926","","","","0.0009939571609720588","0.9990065693855286","0.002135385060682893","0.9978725910186768","","","",""
"16_modded_base_sweep_00_modded/run_33","877","-","finished","modded","0.9","0.999","0","10","16","0.2","0.00002","/home/lange/fantastic-umbrella/runs/16_modded_base_sweep_00_modded/run_33","pcid_0471","1","0.01","0.7481237415339557","0.004976777825504541","[0.0049767764285206795,0.004976779222488403]","0.7494050887790591","79","640","0.5717844367027283","11","96","99","1.4664798974990845","0.98513525724411","0.4775201976299286","","","","0.0007248379988595843","0.9992754459381104","0.012206099927425385","0.9974271059036256","","","",""
"16_modded_base_sweep_00_modded/run_32","329","-","finished","modded","0.9","0.999","0","10","16","0.2","0.00004","/home/lange/fantastic-umbrella/runs/16_modded_base_sweep_00_modded/run_32","pcid_0470","3","0.01","0.6104704374885594","0.0005044341669417918","[0.0005044345743954182,0.0005044337594881654]","0.6384770272743914","17","144","0.6626563668251038","11","96","37","2.14680552482605","0.9708147048950196","0.4568542242050171","","","","0.0006756629445590079","0.9993245601654052","0.001127882627770305","0.9988734722137452","","","",""
"16_modded_base_sweep_00_modded/run_31","903","-","finished","modded","0.9","0.999","0","10","16","0.2","0.00004","/home/lange/fantastic-umbrella/runs/16_modded_base_sweep_00_modded/run_31","pcid_0470","2","0.01","0.7440966501922021","0.004930755123496056","[0.004930754657834768,0.0049307565204799175]","0.7453779974373055","79","640","0.5887739658355713","7","64","99","1.6670947074890137","0.9884647130966188","0.48233234882354736","","","","0.00028345934697426856","0.999716579914093","0.025602078065276142","0.9986767172813416","","","",""
"16_modded_base_sweep_00_modded/run_30","544","-","finished","modded","0.9","0.999","0","10","16","0.2","0.00004","/home/lange/fantastic-umbrella/runs/16_modded_base_sweep_00_modded/run_30","pcid_0470","1","0.01","0.7510525352370493","0.004374542273581028","[0.004374541807919741,0.004374541342258453]","0.7521508328757093","41","336","0.5831026434898376","7","64","61","1.480566382408142","0.9862687587738036","0.47903844714164734","","","","0.0005944832228124142","0.9994057416915894","0.01955143921077251","0.9988239407539368","","","",""
"16_modded_base_sweep_00_modded/run_29","565","-","finished","modded","0.9","0.999","0","10","16","0.15","0.000004","/home/lange/fantastic-umbrella/runs/16_modded_base_sweep_00_modded/run_29","pcid_0469","3","0.01","0.628775398132894","0.017307907342910767","[0.017307907342910767,0.017307907342910767]","0.642504118616145","45","368","0.6493806838989258","37","304","65","0.9827978610992432","0.8892852663993835","0.33316609263420105","","","","0.038280680775642395","0.9629172086715698","0.04856394603848457","0.9535220265388488","","","",""
"16_modded_base_sweep_00_modded/run_28","669","-","finished","modded","0.9","0.999","0","10","16","0.15","0.000004","/home/lange/fantastic-umbrella/runs/16_modded_base_sweep_00_modded/run_28","pcid_0469","2","0.01","0.7259747391543108","0.01528494618833065","[0.0152849443256855,0.0152849480509758]","0.7323814753798279","53","432","0.5825738906860352","23","192","73","0.8664191365242004","0.9400447607040404","0.40354374051094055","","","","0.020754823461174965","0.9811918139457704","0.0367213636636734","0.967538595199585","","","",""
"16_modded_base_sweep_00_modded/run_27","831","-","finished","modded","0.9","0.999","0","10","16","0.15","0.000004","/home/lange/fantastic-umbrella/runs/16_modded_base_sweep_00_modded/run_27","pcid_0469","1","0.01","0.7342119714442614","0.00923418626189232","[0.009234188124537468,0.00923418439924717]","0.736591616328025","73","592","0.5901143550872803","21","176","93","0.9289038181304932","0.9529017806053162","0.4240926802158356","","","","0.01359583716839552","0.986501157283783","0.024178961291909214","0.9804816246032716","","","",""
"16_modded_base_sweep_00_modded/run_26","399","-","finished","modded","0.9","0.999","0","10","16","0.15","0.000008","/home/lange/fantastic-umbrella/runs/16_modded_base_sweep_00_modded/run_26","pcid_0468","3","0.01","0.6309719934102141","0.0080068064853549","[0.008006802760064602,0.008006810210645199]","0.6565989383122827","25","208","0.6361227631568909","25","208","45","1.2015641927719116","0.9235794544219972","0.3850533664226532","","","","0.013679329305887222","0.9864893555641174","0.020680859684944153","0.97997784614563","","","",""
"16_modded_base_sweep_00_modded/run_25","1278","-","finished","modded","0.9","0.999","0","10","16","0.15","0.000008","/home/lange/fantastic-umbrella/runs/16_modded_base_sweep_00_modded/run_25","pcid_0468","2","0.01","0.7373238147537983","0.0014497542288154364","[0.00144975446164608,0.0014497539959847927]","0.7378729635731284","121","976","0.5858864188194275","17","144","141","1.2992717027664185","0.9780898094177246","0.4660990536212921","","","","0.0016199504025280476","0.9983813166618348","0.0030160245951265097","0.997000813484192","","","",""
"16_modded_base_sweep_00_modded/run_24","514","-","finished","modded","0.9","0.999","0","10","16","0.15","0.000008","/home/lange/fantastic-umbrella/runs/16_modded_base_sweep_00_modded/run_24","pcid_0468","1","0.01","0.7345780706571481","0.004870189353823662","[0.004870189353823662,0.0048701888881623745]","0.7362255171151382","37","304","0.585806667804718","15","128","57","0.993362307548523","0.960541009902954","0.4368971884250641","","","","0.008976837620139122","0.9910733103752136","0.013060586526989937","0.9871689677238464","","","",""
"16_modded_base_sweep_00_modded/run_23","382","-","finished","modded","0.9","0.999","0","10","16","0.15","0.00001","/home/lange/fantastic-umbrella/runs/16_modded_base_sweep_00_modded/run_23","pcid_0467","3","0.01","0.6243822075782537","0.005679840222001076","[0.005679842084646225,0.0056798383593559265]","0.6490939044481054","23","192","0.6484546065330505","21","176","43","1.3803011178970337","0.9388203024864196","0.4080485701560974","","","","0.008474398404359818","0.9916048645973206","0.01319405622780323","0.987112522125244","","","",""
"16_modded_base_sweep_00_modded/run_22","935","-","finished","modded","0.9","0.999","0","10","16","0.15","0.00001","/home/lange/fantastic-umbrella/runs/16_modded_base_sweep_00_modded/run_22","pcid_0467","2","0.01","0.7378729635731284","0.0012724788393825293","[0.0012724795378744602,0.0012724781408905983]","0.738239062786015","83","672","0.5958105325698853","15","128","103","1.2860007286071775","0.9781161546707152","0.4658730924129486","","","","0.0017322349594905972","0.998269259929657","0.0029188874177634716","0.9970893263816832","","","",""
"16_modded_base_sweep_00_modded/run_21","409","-","finished","modded","0.9","0.999","0","10","16","0.15","0.00001","/home/lange/fantastic-umbrella/runs/16_modded_base_sweep_00_modded/run_21","pcid_0467","1","0.01","0.7332967234120447","0.007580915465950966","[0.0075809163972735405,0.007580914534628391]","0.7369577155409116","25","208","0.578904390335083","15","128","45","0.9809916019439696","0.9592481255531312","0.43484267592430115","","","","0.010391514748334885","0.989717423915863","0.021095378324389458","0.9852240085601808","","","",""
"16_modded_base_sweep_00_modded/run_20","363","-","finished","modded","0.9","0.999","0","10","16","0.15","0.00002","/home/lange/fantastic-umbrella/runs/16_modded_base_sweep_00_modded/run_20","pcid_0466","3","0.01","0.6183415705656233","0.0011862909886986015","[0.0011862909886986015,0.001186290755867958]","0.647812557203002","21","176","0.6727501153945923","13","112","41","1.82495379447937","0.9609224796295166","0.4426887333393097","","","","0.0016786758787930012","0.9983227849006652","0.0027698844205588102","0.9972379207611084","","","",""
"16_modded_base_sweep_00_modded/run_19","795","-","finished","modded","0.9","0.999","0","10","16","0.15","0.00002","/home/lange/fantastic-umbrella/runs/16_modded_base_sweep_00_modded/run_19","pcid_0466","2","0.01","0.7446457990115322","0.0005415799096226692","[0.0005415803170762956,0.0005415794439613819]","0.7453779974373055","67","544","0.5720453262329102","11","96","87","1.4598273038864136","0.9833739399909972","0.4744771420955658","","","","0.0006892257370054722","0.9993109703063964","0.001197832520119846","0.998803436756134","","","",""
"16_modded_base_sweep_00_modded/run_18","441","-","finished","modded","0.9","0.999","0","10","16","0.15","0.00002","/home/lange/fantastic-umbrella/runs/16_modded_base_sweep_00_modded/run_18","pcid_0466","1","0.01","0.7442796997986454","0.002555358922109008","[0.002555362414568662,0.002555355429649353]","0.7492220391726158","29","240","0.5760816931724548","11","96","49","1.1925605535507202","0.974121868610382","0.4605460166931152","","","","0.0023667821660637856","0.9976361989974976","0.005556612275540829","0.9958392381668092","","","",""
"16_modded_base_sweep_00_modded/run_17","312","-","finished","modded","0.9","0.999","0","10","16","0.15","0.00004","/home/lange/fantastic-umbrella/runs/16_modded_base_sweep_00_modded/run_17","pcid_0465","3","0.01","0.6214534138751602","0.0003533868002705276","[0.0003533897106535733,0.00035338386078365147]","0.6393922753066081","15","128","0.6541287302970886","11","96","35","2.069983959197998","0.9688633680343628","0.4538765847682953","","","","0.0006109763053245842","0.9993891716003418","0.0009458028362132608","0.9990548491477966","","","",""
"16_modded_base_sweep_00_modded/run_16","828","-","finished","modded","0.9","0.999","0","10","16","0.15","0.00004","/home/lange/fantastic-umbrella/runs/16_modded_base_sweep_00_modded/run_16","pcid_0465","2","0.01","0.7580084202818964","0.00030205739312805235","[0.00030205672373995185,0.0003020580916199833]","0.7583745194947831","71","576","0.5722202658653259","7","64","91","1.5781234502792358","0.9890947341918944","0.48313042521476746","","","","0.0002694008289836347","0.9997305870056152","0.0005595611874014139","0.9994433522224426","","","",""
"16_modded_base_sweep_00_modded/run_15","565","-","finished","modded","0.9","0.999","0","10","16","0.15","0.00004","/home/lange/fantastic-umbrella/runs/16_modded_base_sweep_00_modded/run_15","pcid_0465","1","0.01","0.7517847336628226","0.0003652625309769064","[0.00036526162875816226,0.0003652634331956506]","0.7541643785465861","43","352","0.5742294788360596","7","64","63","1.4760830402374268","0.9844847321510316","0.4769433438777923","","","","0.0004895475576631725","0.999510645866394","0.0008385508554056287","0.9991636872291564","","","",""
"16_modded_base_sweep_00_modded/run_14","1529","-","finished","modded","0.9","0.999","0","10","16","0.1","0.000004","/home/lange/fantastic-umbrella/runs/16_modded_base_sweep_00_modded/run_14","pcid_0464","3","0.01","0.6994325462200256","0.002770882099866867","[0.002770882798358798,0.0027708811685442924]","0.7012630422844591","159","1280","0.6598485708236694","31","256","179","1.138642191886902","0.9424095153808594","0.4139347374439239","","","","0.004879462532699108","0.9951369762420654","0.007380085065960884","0.9926775693893432","","","",""
"16_modded_base_sweep_00_modded/run_13","612","-","finished","modded","0.9","0.999","0","10","16","0.1","0.000004","/home/lange/fantastic-umbrella/runs/16_modded_base_sweep_00_modded/run_13","pcid_0464","2","0.01","0.7358594179022515","0.011079560033977032","[0.011079560965299606,0.011079559102654455]","0.7371407651473549","47","384","0.5827306509017944","23","192","67","0.8222565054893494","0.933571994304657","0.3951705992221832","","","","0.024156944826245308","0.9791271090507508","0.03837967664003372","0.972733199596405","","","",""
"16_modded_base_sweep_00_modded/run_12","595","-","finished","modded","0.9","0.999","0","10","16","0.1","0.000004","/home/lange/fantastic-umbrella/runs/16_modded_base_sweep_00_modded/run_12","pcid_0464","1","0.01","0.7221306974190006","0.011293916031718254","[0.01129391510039568,0.011293917894363403]","0.729818780889621","47","384","0.5862633585929871","21","176","67","0.8552417159080505","0.93513160943985","0.3956513106822967","","","","0.032201021909713745","0.9781218767166138","0.04326208680868149","0.9702168107032776","","","",""
"16_modded_base_sweep_00_modded/run_11","546","-","finished","modded","0.9","0.999","0","10","16","0.1","0.000008","/home/lange/fantastic-umbrella/runs/16_modded_base_sweep_00_modded/run_11","pcid_0463","3","0.01","0.6941241076331686","0.0023100690450519323","[0.0023100704420357943,0.002310067880898714]","0.6965037525169321","43","352","0.6447439193725586","21","176","63","1.147587537765503","0.9399871826171876","0.4106186628341675","","","","0.005174121353775263","0.9948450326919556","0.007265076972544193","0.992772936820984","","","",""
"16_modded_base_sweep_00_modded/run_10","509","-","finished","modded","0.9","0.999","0","10","16","0.1","0.000008","/home/lange/fantastic-umbrella/runs/16_modded_base_sweep_00_modded/run_10","pcid_0463","2","0.01","0.7409848068826652","0.0033671818673610687","[0.0033671814016997814,0.0033671827986836433]","0.7411678564891085","35","288","0.5869752168655396","15","128","55","0.9770057797431946","0.9585235118865968","0.43487176299095154","","","","0.006184767000377178","0.9938361048698424","0.009264081716537476","0.9908342361450196","","","",""
"16_modded_base_sweep_00_modded/run_09","889","-","finished","modded","0.9","0.999","0","10","16","0.1","0.000008","/home/lange/fantastic-umbrella/runs/16_modded_base_sweep_00_modded/run_09","pcid_0463","1","0.01","0.7375068643602416","0.000956944888457656","[0.0009569451212882996,0.0009569447138346732]","0.7389712612117884","81","656","0.5807285904884338","15","128","101","1.214494705200195","0.973960280418396","0.4596218764781952","","","","0.0023199908901005983","0.997682809829712","0.003151989309117198","0.9968544244766236","","","",""
"16_modded_base_sweep_00_modded/run_08","496","-","finished","modded","0.9","0.999","0","10","16","0.1","0.00001","/home/lange/fantastic-umbrella/runs/16_modded_base_sweep_00_modded/run_08","pcid_0462","3","0.01","0.6977850997620355","0.00263465428724885","[0.002634655684232712,0.0026346524246037006]","0.7019952407102324","37","304","0.6258803606033325","19","160","57","1.151991844177246","0.944954514503479","0.4169214367866516","","","","0.004622526932507753","0.995397448539734","0.006885564886033535","0.9931912422180176","","","",""
"16_modded_base_sweep_00_modded/run_07","660","-","finished","modded","0.9","0.999","0","10","16","0.1","0.00001","/home/lange/fantastic-umbrella/runs/16_modded_base_sweep_00_modded/run_07","pcid_0462","2","0.01","0.7446457990115322","0.001501297578215599","[0.0015012959484010937,0.0015012993244454265]","0.7448288486179755","53","432","0.5778730511665344","15","128","73","1.1337789297103882","0.969415009021759","0.45344454050064087","","","","0.0025785828474909067","0.9974249005317688","0.004015871323645115","0.9960042238235474","","","",""
"16_modded_base_sweep_00_modded/run_06","507","-","finished","modded","0.9","0.999","0","10","16","0.1","0.00001","/home/lange/fantastic-umbrella/runs/16_modded_base_sweep_00_modded/run_06","pcid_0462","1","0.01","0.7342119714442614","0.0020470614545047283","[0.002047059359028935,0.002047063549980521]","0.7354933186893649","37","304","0.5901708602905273","15","128","57","1.097965955734253","0.9660102725028992","0.4468678832054138","","","","0.004706512670964003","0.9953048825263976","0.006464686710387468","0.9935849905014038","","","",""
"16_modded_base_sweep_00_modded/run_05","429","-","finished","modded","0.9","0.999","0","10","16","0.1","0.00002","/home/lange/fantastic-umbrella/runs/16_modded_base_sweep_00_modded/run_05","pcid_0461","3","0.01","0.7014460918909025","0.0008321171626448631","[0.0008321180939674377,0.0008321162313222885]","0.7060223320519861","29","240","0.6651213765144348","13","112","49","1.3772342205047607","0.961645245552063","0.44253358244895935","","","","0.00156866863835603","0.998432755470276","0.002344155916944146","0.9976602792739868","","","",""
"16_modded_base_sweep_00_modded/run_04","451","-","finished","modded","0.9","0.999","0","10","16","0.1","0.00002","/home/lange/fantastic-umbrella/runs/16_modded_base_sweep_00_modded/run_04","pcid_0461","2","0.01","0.7442796997986454","0.0008387979469262064","[0.0008387964917346835,0.0008387994021177292]","0.7461101958630789","29","240","0.571462869644165","11","96","49","1.203378200531006","0.974402904510498","0.4608381390571594","","","","0.0017290236428380013","0.9982725977897644","0.002485231962054968","0.9975192546844482","","","",""
"16_modded_base_sweep_00_modded/run_03","572","-","finished","modded","0.9","0.999","0","10","16","0.1","0.00002","/home/lange/fantastic-umbrella/runs/16_modded_base_sweep_00_modded/run_03","pcid_0461","1","0.01","0.742449203734212","0.000916945340577513","[0.0009169448167085648,0.0009169458062388004]","0.7433644517664287","45","368","0.5859684944152832","11","96","65","1.3344560861587524","0.9795815944671632","0.46868643164634705","","","","0.0010642310371622443","0.9989362955093384","0.0019854188431054354","0.9980594515800476","","","",""
"16_modded_base_sweep_00_modded/run_02","325","-","finished","modded","0.9","0.999","0","10","16","0.1","0.00004","/home/lange/fantastic-umbrella/runs/16_modded_base_sweep_00_modded/run_02","pcid_0460","3","0.01","0.6730734028921838","0.00030288586276583374","[0.0003028860373888165,0.000302885688142851]","0.6846055280981146","17","144","0.6815857291221619","9","80","37","1.7010666131973269","0.9652972221374512","0.4488283693790436","","","","0.0005611833767034113","0.999439001083374","0.0008515079971402884","0.999148964881897","","","",""
"16_modded_base_sweep_00_modded/run_01","394","-","finished","modded","0.9","0.999","0","10","16","0.1","0.00004","/home/lange/fantastic-umbrella/runs/16_modded_base_sweep_00_modded/run_01","pcid_0460","2","0.01","0.7521508328757093","0.00031772482907399535","[0.0003177233738824725,0.0003177262842655182]","0.7536152297272561","23","192","0.5768922567367554","7","64","43","1.3368396759033203","0.9819775819778442","0.4724578261375427","","","","0.0008015960920602083","0.9991987347602844","0.0010874788276851175","0.9989133477211","","","",""
"16_modded_base_sweep_00_modded/run_00","495","-","finished","modded","0.9","0.999","0","10","16","0.1","0.00004","/home/lange/fantastic-umbrella/runs/16_modded_base_sweep_00_modded/run_00","pcid_0460","1","0.01","0.7428153029470986","0.0002130830253008753","[0.00021308129362296313,0.0002130847715307027]","0.7439136005857587","41","336","0.5859240889549255","7","64","61","1.4764597415924072","0.9811103940010072","0.4721730649471283","","","","0.0004820514004677534","0.9995181560516356","0.0006750840693712234","0.999325394630432","","","",""